{"id":141,"remoteAddress":"139.162.35.212","inMaxSpeed":0,"notes":["13:40:29.490617 Rule matched: AND ((USER-AGENT,itunesstored*), (DOMAIN-KEYWORD,-buy.itunes.apple.com))","13:40:29.490867 Reuse previous connection: #132"],"statusHistory":[["Rule Evaluating (DNS)",1586205629490],["Reuse Previous Connection",1586205629490],["Waiting Response Header",1586205629490],["Active",1586205630478],["Completed",1586205630540]],"inCurrentSpeed":0,"failed":false,"status":"Completed","outCurrentSpeed":3806,"completed":true,"sourcePort":57960,"outBytes":3804,"sourceAddress":"127.0.0.1","localAddress":"192.168.1.15","requestHeader":"POST \/WebObjects\/MZFinance.woa\/wa\/inAppRegrantPurchaseHistory HTTP\/1.1\r\nHost: p2-buy.itunes.apple.com\r\nX-Apple-Tz: -25200\r\nCookie: X-Dsid=10140637674; xp_ab=1#Zh4zkDd+-2+Utk2R3g0#WqjkRLH+-2+A7h2ykc2#ZPJNBED+-2+jXzCLpS1#isj11bm+-2+17Eg4xa0; woinst=-1; wosid-lite=A3UhTImcAezb5qrs18uuz0; NSC_nagjobodf-bopo-qppm*0=ffffffff12a5ad1045525d5f4f58455e445a4a42378b; session-store-id=EBF10ED8845FFC71C3A17867CA3C35C6; countryVerified=1; xt-b-ts-10140637674=1586205581563; pldfltcid=1e0ce2b1d4f946248b8ee30e8f337bca002; ns-mzf-inst=36-61-443-107-24-8267-22384-2-st11; xp_ci=3z2bJGwWzBWz4U8zD8rz15BfSMQoL; vrep=COqzt-MlEgQIAhAAEgQICRAAEgQICBAAEgQIAxAAEgQIBBAAEgQIBRAAEgQIBxAAEgQIChAAEgQIBhAAEgQIARAA; mz_at_ssl-10140637674=AwUAAAGiAAH8\/AAAAABei5O8hhjwaSLAKjT5R0UKpq8KAaTDB7Q=; mt-tkn-10140637674=AiXlfIa23oPayzw6BLiHxjd0YGznT9QWqw7H46iA\/ctxtm\/0X7U93SykoIb0ruXC28FoQx4eduAU1BFL4zPNb+lb9+8c5qF2TAmX23yIGBBsX6EvHThPiwZyfMucqfs6gm2Wexpmb+je5z7GAV+\/24oprrjDjxq8gTKczR+Zk11Uf+OVIPK9gdaTuSWdHQolqiPD3Ug=; fsas=AAAAAAAAAAE4X+EKqv1yatdUmsANdBXgtN3D6Ebi5+Bz4uPcsqA+NRjhc2a4mmokmXC9HApdl7C2ncff6+2grinGuOB2dMX4\/W2T1k0FgOqNhn10E9Dqoq9Hf3+Ib9QWQ6nW5UKkr2W70\/eR\/YiqDcLNUrE0HF7\/; hsaccnt=1; mzf_in=022384; amp=qu+ok9J6mLhy+N4PWcRY5f9AMHvlXCNg2n40Wv4zg5Ml0BlY3f+YpV6qYBrwOz6PCboYRqDod+MJobenZ+b1pRbUeAQOQizF8YWKi0ZOhU4=; wosid=nutJr9obj43T6uNk5iV2Og; xp_abc=17Eg4xa0#A7h2ykc2; mz_at0-10140637674=AwQAAAGiAAH8\/AAAAABei5ONC5JDeFa\/1\/bEbymkzFd+COdrAcw=; mt-tid-10140637674=ArAaHDRRS7qtFgYk2xtuewM2osk8aEURT02g3Caj5I7saHwqgISa7FDlXdBLWQu5LKK7S2e1UhjmJDzngVcfuEfCssLf4wQKWTFQk9UC\/k\/RF10yc47uCj0fNGyXrqsfhV2t1iG7MpLvu5mYXUOzmONvrjxBfZGVuy2tSKa3nZ\/Tps7Cngdb57y7KpFeSA\/7t\/uDHOrJqD5OEVqa0QzK7yLY+US2YJXn8FVjnycecKywDe8RYA==; itspod=2\r\niCloud-DSID: 10140637674\r\nUser-Agent: itunesstored\/1.0 iOS\/13.3 model\/iPhone10,6 hwp\/t8015 build\/17C54 (6; dt:162)\r\nX-Apple-Store-Front: 143471-2,29\r\nX-Dsid: 10140637674\r\nContent-Type: application\/x-www-form-urlencoded\r\nX-Apple-Client-Versions: iBooks\/6.2.1; iTunesU\/??; GameCenter\/??; Podcasts\/3.9\r\nX-Apple-TID-State: EP\r\nContent-Length: 647\r\nX-Apple-I-TimeZone: PDT\r\nX-Apple-AMD-M: XSMHYJiI19ghp3E3kpB8gId7L5jKD4WsVEHB4QUMW1XEFqUC32bpf3n4GATsyx6+BFrttE1Mzh73XhIH\r\nX-Apple-AMD: AAAABAAAABDDSPs3zrZfuXLXSx82NWFV\r\nX-Apple-I-Client-Time: 2020-04-06T20:40:29Z\r\nConnection: keep-alive\r\nAccept-Language: en-VN\r\nX-Apple-I-MD-RINFO: 17106176\r\nX-Apple-ActionSignature: An42+yEd8RKUyRZAfq4SbW5ICrFdY6IIRxtVHPjI0ZJsAAABUAMAAACiAAAAgMMSovEmd5nK1O6fbK\/xOOI8m0+kj7Wr1JIun8K\/VLQnvMIy9UJluTej2mQatU\/FaV6UZlHlM6KnY11NElNzcLJ9xjiFBwK8RDKMqXMwRA7zD9j4\/XpWn\/zjZJv1imGp+u+IRrfA5LCdKkdd05xV3p6b4kDCnKn+UnwxIIvk6E7RAAAAEsmDXW\/xMzxzBqAc8mAcHrHGXgAAAJ8BUOjgNibjVU5eyasf3jRiA\/WIOxsAAACGBgh87uZHtKSSoguMTrEXwLHwXotoAX9KFbMw\/Ec7f6h2pFGWxYwQTz58GVe4xRFginLOhvU3xNu6f8NRTCRj\/lmm9r9tVdTiX7AmtUMkxnEMmz+crK\/uK1bik7aAoQl9vnLgHX9OY7mqSrh+0g039fZQTNrNpdF2Cz4iTjuQW+TS9bnodI4AAAAAAAAAAAAAAAAAAAEEQiIAAA==\r\nX-Apple-Connection-Type: WiFi\r\nX-Apple-Partner: origin.0\r\nAccept: *\/*\r\nX-Apple-I-MD-M: XSMHYJiI19ghp3E3kpB8gId7L5gjjtcQSZyKqd9T95ii37RNBmNhsasNS\/qr7kz1ESyNfDDrL\/QCnVSl\r\nX-Apple-I-Locale: en_VN\r\nAccept-Encoding: gzip, deflate, br\r\nX-Apple-I-MD: AAAABQAAABB4NMtrgdEo9nQIEuI9zQCHAAAAAw==\r\n\r\n","policyName":"Fake iAP Server 01","inBytes":10983,"replicaDirectoryPath":"\/private\/var\/mobile\/Containers\/Shared\/AppGroup\/E6B59D94-2E1C-4DA5-A140-AAF90CDF6EBF\/Replica\/2020-04-06-134022\/Requests\/000141 - 13.40.29 - POST - https%3A%2F%2Fp2%2Dbuy.itunes.apple.com%2FWebObjects%2FMZFinance.woa%2Fwa%2FinAppRegrantPurchaseHistory","method":"POST","pid":0,"replica":true,"rule":"AND ((USER-AGENT,itunesstored*), (DOMAIN-KEYWORD,-buy.itunes.apple.com))","startDate":1586205629.4890361,"outMaxSpeed":3806,"URL":"https:\/\/p2-buy.itunes.apple.com\/WebObjects\/MZFinance.woa\/wa\/inAppRegrantPurchaseHistory","responseHeader":"HTTP\/1.1 200 Apple WebObjects\r\nx-apple-jingle-correlation-key: M5T2QTSMVMYIKAE2ZB55DRXHIM\r\nx-apple-request-uuid: 6767a84e-4cab-3085-009a-c87bd1c6e743\r\npod: 2\r\nx-apple-translated-wo-url: \/WebObjects\/MZFinance.woa\/wa\/inAppRegrantPurchaseHistory\r\napple-tk: false\r\nedge-control: no-store\r\nedge-control: cache-maxage=0\r\ncontent-type: text\/xml; charset=UTF-8\r\nx-apple-lokamai-no-cache: true\r\ncache-control: private\r\ncache-control: no-cache\r\ncache-control: no-store\r\ncache-control: no-transform\r\ncache-control: must-revalidate\r\ncache-control: max-age=0\r\nx-apple-actionsignature: AQCXY237AzA65or2ZPyusdcXI5ZTEGjRcx9uIOmuZ71FnFhc0a4Ab6oJAlF1lM9DcSiPcLlIJnSIlBdmmtzvI5BfAAAAEsmDXW\/xMzxzBqAc8mAcHrHGXg==\r\nitspod: 2\r\nx-webobjects-loadaverage: 45\r\napple-seq: 0\r\napple-originating-system: MZFinance\r\ncontent-encoding: gzip\r\nstrict-transport-security: max-age=31536000\r\nx-frame-options: SAMEORIGIN\r\nx-apple-orig-url: https:\/\/p2-buy.itunes.apple.com\/WebObjects\/MZFinance.woa\/wa\/inAppRegrantPurchaseHistory\r\nx-apple-application-site: ST11\r\ndate: Mon, 06 Apr 2020 20:40:30 GMT\r\nset-cookie: session-store-id=EBF10ED8845FFC71C3A17867CA3C35C6; version=\"1\"; expires=Mon, 06-Apr-2020 21:10:30 GMT; path=\/WebObjects; domain=.apple.com; secure\r\nset-cookie: itspod=2; version=\"1\"; expires=Wed, 06-May-2020 20:40:30 GMT; path=\/; domain=.apple.com\r\nset-cookie: mzf_in=022384; version=\"1\"; path=\/WebObjects; domain=.apple.com; secure; HttpOnly\r\nset-cookie: mzf_dr=0; version=\"1\"; expires=Thu, 01-Jan-1970 00:00:00 GMT; path=\/WebObjects; domain=.apple.com\r\napple-timing-app: 369 ms\r\nexpires: Mon, 06 Apr 2020 20:40:30 GMT\r\nx-apple-request-store-front: 143471-2,29\r\nx-apple-date-generated: Mon, 06 Apr 2020 20:40:30 GMT\r\nx-apple-application-instance: 22384\r\npragma: no-cache\r\ncontent-length: 9081\r\nSet-Cookie: ns-mzf-inst=36-61-443-107-24-8267-22384-2-st11; version=1; Max-Age=1800; path=\/WebObjects\/; domain=.apple.com; httponly\r\n\r\n"}